{"cameraMode":{"drawMode":0,"name":"Shaded","section":"Shading Mode"},"sceneLighting":false,"audioPlay":false,"sceneViewState":{"showFog":true,"showMaterialUpdate":false,"showSkybox":false,"showFlares":true,"showImageEffects":true,"showParticleSystems":true},"in2DMode":false,"pivot":{"x":-3.690000057220459,"y":-2.9000000953674318,"z":-5.880000114440918},"rotation":{"x":0.025497186928987504,"y":0.002999322721734643,"z":-0.0000765374134061858,"w":0.999672532081604},"size":0.9272000789642334,"orthographic":true}